ptxt_len,poly2133_create_tag_baseline,poly2133_create_tag_inlined,poly2133_create_tag_unrolled,poly2133_create_tag_2level_inl_unr,poly2133_create_tag_delcarry,poly2133_create_tag_precomp,poly2133_create_tag_scalrep,poly2133_create_tag_vec,poly2133_create_tag_vec_8b
1024,24412.4,23212.5,18009.3,20074.7,9657.92,10194.3,10353.8,7242.44,9518.38
2048,47052.7,45631.1,34818.5,37261.1,16234.9,17358.1,18047.9,11702.3,13779.6
4096,93770.6,91500.4,69339.6,71456.1,29415.1,32315.7,34595.9,20798.1,21675.9
8192,186300,180248,137825,141545,57602.5,62420.5,66746.9,39330.8,37528.6
16384,371986,358584,275519,279830,114057,121634,127790,75293.1,69659
32768,745272,715398,566613,563125,220371,242048,254498,146881,130914
65536,1.48676e+06,1.43488e+06,1.10346e+06,1.12996e+06,435873,479367,496695,290322,253012
131072,2.99777e+06,2.8955e+06,2.20954e+06,2.22098e+06,873725,959065,1.01292e+06,580390,497683
262144,5.9954e+06,5.73627e+06,4.43061e+06,4.45882e+06,1.73832e+06,1.94727e+06,1.97408e+06,1.15714e+06,991614
524288,1.19717e+07,1.15308e+07,8.89147e+06,8.91084e+06,3.50079e+06,3.84683e+06,3.94473e+06,2.29833e+06,1.98342e+06
1048576,2.38167e+07,2.30798e+07,1.77827e+07,1.77363e+07,6.95399e+06,7.93665e+06,7.87971e+06,4.61482e+06,4.08643e+06
2097152,4.7847e+07,4.61205e+07,3.54705e+07,3.55623e+07,1.39642e+07,1.53704e+07,1.58426e+07,9.18356e+06,7.91194e+06
4194304,9.56646e+07,9.22984e+07,7.09334e+07,7.12174e+07,2.79812e+07,3.07182e+07,3.1509e+07,1.84558e+07,1.58583e+07
8388608,1.91055e+08,1.84319e+08,1.42124e+08,1.42508e+08,5.61995e+07,6.18806e+07,6.3358e+07,3.6945e+07,3.19215e+07
16777216,3.82545e+08,3.68912e+08,3.13664e+08,2.85099e+08,1.12232e+08,1.22898e+08,1.26601e+08,7.38463e+07,6.34064e+07
33554432,7.67653e+08,7.42282e+08,5.69948e+08,5.71401e+08,2.23845e+08,2.47287e+08,2.55362e+08,1.48087e+08,1.27302e+08
