ptxt_len,poly2133_create_tag_baseline,poly2133_create_tag_inlined,poly2133_create_tag_unrolled,poly2133_create_tag_2level_basic,poly2133_create_tag_2level_inl_unr,poly2133_create_tag_delcarry,poly2133_create_tag_precomp,poly2133_create_tag_remif,poly2133_create_tag_scalrep,poly2133_create_tag_vec,poly2133_create_tag_vec_8b
1024,41223,41223,37050,47814,40677,19344,15522,9633,28158,10530,9867
2048,82446,82446,74100,95628,81354,38688,31044,19266,56316,21060,19734
4096,165949,165949,149150,192482,163751,77872,62486,38779,113354,42390,39721
8192,332955,332955,299250,386190,328545,156240,125370,77805,227430,85050,79695
16384,665910,665910,598500,772380,657090,312480,250740,155610,454860,170100,159390
32768,1331820,1331820,1197000,1544760,1314180,624960,501480,311220,909720,340200,318780
65536,2663640,2663640,2394000,3089520,2628360,1249920,1002960,622440,1819440,680400,637560
131072,5328337,5328337,4788950,6180266,5257763,2500336,2006318,1245127,3639602,1361070,1275373
262144,10656674,10656674,9577900,12360532,10515526,5000672,4012636,2490254,7279204,2722140,2550746
524288,21313348,21313348,19155800,24721064,21031052,10001344,8025272,4980508,14558408,5444280,5101492
1048576,42627753,42627753,38312550,49443354,42063147,20003184,16050942,9961263,29117538,10888830,10203237
2097152,85256563,85256563,76626050,98887934,84127337,40006864,32102282,19922773,58235798,21777930,20406727
